[{
  "_id": {
    "$oid": "643c1f69b1cbe5b9a602a033"
  },
  "title": "Mr",
  "firstName": "FUAD",
  "surname": "DELE-GANIYU",
  "mobile": "08734058822",
  "email": "fuaddganiyu@gmail.com",
  "homeaddress": "7 Hayworth Mews",
  "shippingaddress": "Ongar Park",
  "town": "Dublin 15",
  "country": "Ireland",
  "eircode": "D15 A2TW"
},{
  "_id": {
    "$oid": "643c293eb1cbe5b9a602a036"
  },
  "title": "mr",
  "firstName": "FUAD",
  "surname": "DELE-GANIYU",
  "mobile": "0873405881",
  "email": "fuaddganiyu@gmail.com",
  "homeaddress": "7 Hayworth Mews",
  "shippingaddress": "Ongar Park",
  "town": "Dublin 15",
  "country": "Ireland",
  "eircode": "D15 A2TW"
},{
  "_id": {
    "$oid": "643c32a6fab7f889f80af1f2"
  },
  "title": "mr",
  "firstName": "FUAD",
  "surname": "DELE-GANIYU",
  "mobile": "0873405881",
  "email": "fuaddganiyu@gmail.com",
  "homeaddress": "7 Hayworth Mews",
  "shippingaddress": "Ongar Park",
  "town": "Dublin 15",
  "country": "Ireland",
  "eircode": "D15 A2TW"
},{
  "_id": {
    "$oid": "643c4158aed103c6210a1f23"
  },
  "title": "mister",
  "firstName": "FUAD",
  "surname": "DELE-GANIYU",
  "mobile": "0",
  "email": "fuaddganiyu@gmail.com",
  "homeaddress": "7 Hayworth Mews",
  "shippingaddress": "Ongar Park",
  "town": "Dublin 15",
  "country": "Ireland",
  "eircode": "D15 A2TW"
}]