[{
  "_id": {
    "$oid": "643c45ccaed103c6210a1f24"
  },
  "customer": "643c1f69b1cbe5b9a602a033",
  "items": [
    "64380442da381203da043392"
  ]
},{
  "_id": {
    "$oid": "643c462eaed103c6210a1f25"
  },
  "customer": "643c1f69b1cbe5b9a602a033",
  "items": [
    "64380442da381203da043392"
  ]
},{
  "_id": {
    "$oid": "643c4630aed103c6210a1f26"
  },
  "customer": "643c1f69b1cbe5b9a602a033",
  "items": [
    "64380442da381203da043392"
  ]
},{
  "_id": {
    "$oid": "643c4631aed103c6210a1f27"
  },
  "customer": "643c1f69b1cbe5b9a602a033",
  "items": [
    "64380442da381203da043392"
  ]
},{
  "_id": {
    "$oid": "643c4633aed103c6210a1f28"
  },
  "customer": "643c1f69b1cbe5b9a602a033",
  "items": [
    "64380442da381203da043392"
  ]
},{
  "_id": {
    "$oid": "643c46ddaed103c6210a1f29"
  },
  "customer": "643c1f69b1cbe5b9a602a033",
  "items": [
    "64380442da381203da043392"
  ]
}]